"קטגוריה ראשית","קטגוריה משנית","מוצר","עד 130$","מ131$ עד 500$","מ501$ עד 1000$","מעל 1000$"
"אופנה","הלבשה והנעלה","בגדי ים ","פטור","18.00%","18.00%","18.00%"
"אופנה","הלבשה והנעלה","בגדי ספורט","פטור","18.00%","18.00%","18.00%"
"אופנה","הלבשה והנעלה","בדים מסוגים שונים","פטור","18.00%","18.00%","18.00%"
"אופנה","הלבשה והנעלה","ביגוד והנעלה לתינוקות","פטור","18.00%","18.00%","18.00%"
"אופנה","הלבשה והנעלה","הלבשה כללי","פטור","18.00%","18.00%","18.00%"
"אופנה","הלבשה והנעלה","הלבשה תחתונה","פטור","18.00%","18.00%","18.00%"
"אופנה","הלבשה והנעלה","חולצות","פטור","18.00%","18.00%","18.00%"
"אופנה","הלבשה והנעלה","כובעים","פטור","18.00%","18.00%","18.00%"
"אופנה","הלבשה והנעלה","מכנסיים","פטור","18.00%","18.00%","18.00%"
"אופנה","הלבשה והנעלה","מעילים","פטור","18.00%","18.00%","18.00%"
"אופנה","הלבשה והנעלה","נעלי בטיחות","פטור","18.00%","18.00%","18.00%"
"אופנה","הלבשה והנעלה","נעלי ספורט","פטור","18.00%","18.00%","18.00%"
"אופנה","הלבשה והנעלה","נעליים","פטור","18.00%","18.00%","18.00%"
"אופנה","מוצרי היגיינה וטואלטיקה","מפיגי ריחות ומונעי הזעה (דאודרנט)","פטור","18.00%","18.00%","18.00%"
"אופנה","מוצרי היגיינה וטואלטיקה","סבון","פטור","18.00%","18.00%","18.00%"
"אופנה","מוצרי היגיינה וטואלטיקה","קצף גילוח","פטור","18.00%","18.00%","18.00%"
"אופנה","מוצרי היגיינה וטואלטיקה","קרם לעור","פטור","18.00%","18.00%","18.00%"
"אופנה","מוצרי היגיינה וטואלטיקה","שמפו","פטור","18.00%","18.00%","18.00%"
"אופנה","תיקים ואביזרי אופנה","אביזרים לשיער","פטור","18.00%","18.00%","18.00%"
"אופנה","תיקים ואביזרי אופנה","ארנקים","פטור","18.00%","18.00%","18.00%"
"אופנה","תיקים ואביזרי אופנה","חגורות","פטור","18.00%","18.00%","18.00%"
"אופנה","תיקים ואביזרי אופנה","ילקוטים לתלמיד","פטור","18.00%","18.00%","18.00%"
"אופנה","תיקים ואביזרי אופנה","מטפחות ראש","פטור","18.00%","18.00%","18.00%"
"אופנה","תיקים ואביזרי אופנה","תיקים","","","","18.00%"
"אופנה","תיקים ואביזרי אופנה","תיקים לילדים ותינוקות","פטור","18.00%","18.00%","18.00%"
"אופנה","תכשיטים ושעונים","יהלומים","פטור","18.00%","18.00%","18.00%"
"אופנה","תכשיטים ושעונים","קופסאות/תיבות לשעוני יד","פטור","18.00%","18.00%","18.00%"
"אופנה","תכשיטים ושעונים","שעון יד","פטור","18.00%","18.00%","18.00%"
"אופנה","תכשיטים ושעונים","שעון קיר","פטור","18.00%","18.00%","18.00%"
"אופנה","תכשיטים ושעונים","תכשיטי זהב","פטור","18.00%","18.00%","18.00%"
"אופנה","תכשיטים ושעונים","תכשיטים","פטור","18.00%","18.00%","18.00%"
"אופנה","תכשירי טיפוח וקוסמטיקה","איפור","פטור","18.00%","18.00%","18.00%"
"אופנה","תכשירי טיפוח וקוסמטיקה","בושם","פטור","18.00%","18.00%","18.00%"
"אופנה","תכשירי טיפוח וקוסמטיקה","לק לציפורניים","פטור","18.00%","18.00%","18.00%"
"אופנה","תכשירי טיפוח וקוסמטיקה","מוצרים להסרת שיער","פטור","18.00%","18.00%","18.00%"
"אופנה","תכשירי טיפוח וקוסמטיקה","מוצרים לעיצוב שיער","פטור","18.00%","18.00%","18.00%"
"אופנה","תכשירי טיפוח וקוסמטיקה","פיאות נוכריות","פטור","18.00%","18.00%","18.00%"
"אופנה","תכשירי טיפוח וקוסמטיקה","צבעי שיער","פטור","18.00%","18.00%","18.00%"
"אופנה","תכשירי טיפוח וקוסמטיקה","שמנים לגוף","פטור","18.00%","18.00%","18.00%"
"אופנה","תכשירי טיפוח וקוסמטיקה","תכשירי איפור לשפתיים","פטור","18.00%","18.00%","18.00%"
"אופנה","תכשירי טיפוח וקוסמטיקה","תמרוקים","פטור","18.00%","18.00%","18.00%"
"בעלי חיים","חיות מחמד","חיות מחמד","פטור","18.00%","18.00%","18.00%"
"בעלי חיים","חיות מחמד","קרניים קרני אייל","","","","18.00%"
"בעלי חיים","מזון וחטיפים לחיות","מזון לדגי נוי או ציפורים","פטור","18.00%","18.00%","שיעור 22.72% "
"בעלי חיים","מזון וחטיפים לחיות","מזון לכלבים או חתולים","פטור","18.00%","18.00%","שיעור 21.54% "
"בעלי חיים","מזון וחטיפים לחיות","תוספי מזון לבעלי חיים","פטור","18.00%","18.00%","שיעור 21.54% "
"בעלי חיים","מזון וחטיפים לחיות","תרופות לבעלי חיים","פטור","18.00%","18.00%","18.00%"
"בעלי חיים","ציוד ואביזרים לחיות","אוכף","פטור","18.00%","18.00%","18.00%"
"בעלי חיים","ציוד ואביזרים לחיות","אקווריומים ואביזרים","פטור","18.00%","18.00%","18.00%"
"בעלי חיים","ציוד ואביזרים לחיות","ביגוד לחיות","פטור","18.00%","18.00%","18.00%"
"בעלי חיים","ציוד ואביזרים לחיות","כלי אוכל ומים","פטור","18.00%","18.00%","18.00%"
"בעלי חיים","ציוד ואביזרים לחיות","מיטות, כלובים ומלונות","פטור","18.00%","18.00%","18.00%"
"בעלי חיים","ציוד ואביזרים לחיות","צעצועים לחיות","פטור","18.00%","18.00%","18.00%"
"בעלי חיים","ציוד ואביזרים לחיות","רצועות, קולרים ורתמות (ללא אמצעי תקשורת)","פטור","18.00%","18.00%","18.00%"
"בעלי חיים","ציוד ואביזרים לחיות","רצועות, רתמות וקולרים עם אמצעי תקשורת","","","","18.00%"
"בריאות ורפואה","אופטיקה","משקפי ראייה","פטור","18.00%","18.00%","18.00%"
"בריאות ורפואה","אופטיקה","משקפי שמש","פטור","18.00%","18.00%","18.00%"
"בריאות ורפואה","אופטיקה","עדשות מגע","פטור","18.00%","18.00%","18.00%"
"בריאות ורפואה","גמילה מעישון","מכשיר חימום המיועד לטבק","פטור","18.00%","18.00%","18.00%"
"בריאות ורפואה","גמילה מעישון","מכשיר חימום המיועד לטבק בערכה המכילה יחידות טבק לחימום","שיעור 336.60% + 936.05 ₪ לקילוגרם אל""פ מ- 18%+1659.69 ₪ לקילוגרם","שיעור 336.60% + 936.05 ₪ לקילוגרם אל""פ מ- 18%+1659.69 ₪ לקילוגרם","שיעור 336.60% + 936.05 ₪ לקילוגרם אל""פ מ- 18%+1659.69 ₪ לקילוגרם","שיעור 336.60% + 936.05 ₪ לקילוגרם אל""פ מ- 18%+1659.69 ₪ לקילוגרם"
"בריאות ורפואה","גמילה מעישון","נוזל למילוי סיגריות אלקטרוניות המכיל ניקוטין","שיעור 336.60% + 13.11 ₪ למיליליטר אל""פ מ- 18%+23.23 ₪ למיליליטר ","שיעור 336.60% + 13.11 ₪ למיליליטר אל""פ מ- 18%+23.23 ₪ למיליליטר ","שיעור 336.60% + 13.11 ₪ למיליליטר אל""פ מ- 18%+23.23 ₪ למיליליטר ","שיעור 336.60% + 13.11 ₪ למיליליטר אל""פ מ- 18%+23.23 ₪ למיליליטר "
"בריאות ורפואה","גמילה מעישון","נוזל מילוי לסיגריות אלקטרוניות ללא ניקוטין","שיעור 336.60% + 13.11 ₪ למיליליטר אל""פ מ- 18%+23.23 ₪ למיליליטר ","שיעור 336.60% + 13.11 ₪ למיליליטר אל""פ מ- 18%+23.23 ₪ למיליליטר ","שיעור 336.60% + 13.11 ₪ למיליליטר אל""פ מ- 18%+23.23 ₪ למיליליטר ","שיעור 336.60% + 13.11 ₪ למיליליטר אל""פ מ- 18%+23.23 ₪ למיליליטר "
"בריאות ורפואה","גמילה מעישון","סיגריות אלקטרוניות חד פעמיות ללא ניקוטין","שיעור 336.60% + 13.11 ₪ למיליליטר אל""פ מ- 18%+23.23 ₪ למיליליטר ","שיעור 336.60% + 13.11 ₪ למיליליטר אל""פ מ- 18%+23.23 ₪ למיליליטר ","שיעור 336.60% + 13.11 ₪ למיליליטר אל""פ מ- 18%+23.23 ₪ למיליליטר ","שיעור 336.60% + 13.11 ₪ למיליליטר אל""פ מ- 18%+23.23 ₪ למיליליטר "
"בריאות ורפואה","גמילה מעישון","סיגריות אלקטרוניות חד פעמיות עם ניקוטין","שיעור 336.60% + 13.11 ₪ למיליליטר אל""פ מ- 18%+23.23 ₪ למיליליטר ","שיעור 336.60% + 13.11 ₪ למיליליטר אל""פ מ- 18%+23.23 ₪ למיליליטר ","שיעור 336.60% + 13.11 ₪ למיליליטר אל""פ מ- 18%+23.23 ₪ למיליליטר ","שיעור 336.60% + 13.11 ₪ למיליליטר אל""פ מ- 18%+23.23 ₪ למיליליטר "
"בריאות ורפואה","גמילה מעישון","סיגריות אלקטרוניות למילוי","שיעור 336.60% + 13.11 ₪ למיליליטר אל""פ מ- 18%+23.23 ₪ למיליליטר ","שיעור 336.60% + 13.11 ₪ למיליליטר אל""פ מ- 18%+23.23 ₪ למיליליטר ","שיעור 336.60% + 13.11 ₪ למיליליטר אל""פ מ- 18%+23.23 ₪ למיליליטר ","שיעור 336.60% + 13.11 ₪ למיליליטר אל""פ מ- 18%+23.23 ₪ למיליליטר "
"בריאות ורפואה","מוצרים טבעיים והומאופתיים","צמחי מרפא","","","","18.00%"
"בריאות ורפואה","מוצרים טבעיים והומאופתיים","שיער אדם","פטור","18.00%","18.00%","18.00%"
"בריאות ורפואה","מח עצם","מח עצם","18.00%","18.00%","18.00%","18.00%"
"בריאות ורפואה","עזרה ראשונה","ערכות עזרה ראשונה","פטור","18.00%","18.00%","18.00%"
"בריאות ורפואה","ציוד רפואי","כסאות גלגלים","פטור","18.00%","18.00%","18.00%"
"בריאות ורפואה","ציוד רפואי","מדרסים","","","","18.00%"
"בריאות ורפואה","ציוד רפואי","מכשיר אדים","","","","18.00%"
"בריאות ורפואה","ציוד רפואי","מכשיר אינהלציה","פטור","18.00%","18.00%","18.00%"
"בריאות ורפואה","ציוד רפואי","מכשירים רפואיים","פטור","18.00%","18.00%","18.00%"
"בריאות ורפואה","ציוד רפואי","קרם הגנה ושיזוף","פטור","18.00%","18.00%","18.00%"
"בריאות ורפואה","תרופות","ויאגרה/קמאגרה","פטור","18.00%","18.00%","18.00%"
"בריאות ורפואה","תרופות","תרופות ","פטור","18.00%","18.00%","18.00%"
"בריאות ורפואה","תרופות","תרופות להרזייה עם חומר פעיל תרופתי","פטור","18.00%","18.00%","18.00%"
"חשמל ואלקטרוניקה","חימום וקירור הבית","דוד שמש ","פטור","18.00%","18.00%","18.00%"
"חשמל ואלקטרוניקה","חימום וקירור הבית","מאוורר","פטור","18.00%","18.00%","18.00%"
"חשמל ואלקטרוניקה","חימום וקירור הבית","מזגן","פטור","18.00%","18.00%","18.00%"
"חשמל ואלקטרוניקה","חימום וקירור הבית","תנור/מפזר חום/רדיאטור","פטור","18.00%","18.00%","18.00%"
"חשמל ואלקטרוניקה","טלפונים וטאבלטים","אביזרים לטלפונים סלולאריים","פטור","18.00%","18.00%","18.00%"
"חשמל ואלקטרוניקה","טלפונים וטאבלטים","טאבלט","פטור","18.00%","18.00%","18.00%"
"חשמל ואלקטרוניקה","טלפונים וטאבלטים","טלפון אלחוטי","פטור","18.00%","18.00%","18.00%"
"חשמל ואלקטרוניקה","טלפונים וטאבלטים","טלפון נייח","פטור","18.00%","18.00%","18.00%"
"חשמל ואלקטרוניקה","טלפונים וטאבלטים","טלפון סלולרי","פטור","18.00%","18.00%","18.00%"
"חשמל ואלקטרוניקה","טלפונים וטאבלטים","כיסויים לסלולריים","פטור","18.00%","18.00%","18.00%"
"חשמל ואלקטרוניקה","טלפונים וטאבלטים","מגן מסך לטלפון סלולרי","פטור","18.00%","18.00%","18.00%"
"חשמל ואלקטרוניקה","טלפונים וטאבלטים","מטען נייד ","פטור","18.00%","18.00%","18.00%"
"חשמל ואלקטרוניקה","טלפונים וטאבלטים","מטען נייד / סוללת גיבוי","פטור","18.00%","18.00%","18.00%"
"חשמל ואלקטרוניקה","טלפונים וטאבלטים","תושבות ומעמדים לסלולרי","פטור","18.00%","18.00%","18.00%"
"חשמל ואלקטרוניקה","כלי עבודה ","מלטשות","פטור","18.00%","18.00%","18.00%"
"חשמל ואלקטרוניקה","כלי עבודה ","מסור חשמלי","פטור","18.00%","18.00%","18.00%"
"חשמל ואלקטרוניקה","כלי עבודה ","מקדחות, מברגות ופטישונים","פטור","18.00%","18.00%","18.00%"
"חשמל ואלקטרוניקה","כלי עבודה ","מקצועה ידני לעיבוד עץ","","","","18.00%"
"חשמל ואלקטרוניקה","כלי עבודה ","רתכת - לריתוך מתכת בהתנגדות","פטור","18.00%","18.00%","18.00%"
"חשמל ואלקטרוניקה","מוצרי טיפוח ועיצוב","חלפים למכונות גילוח ותספורת","פטור","18.00%","18.00%","18.00%"
"חשמל ואלקטרוניקה","מוצרי טיפוח ועיצוב","מחליק שיער","פטור","18.00%","18.00%","18.00%"
"חשמל ואלקטרוניקה","מוצרי טיפוח ועיצוב","מייבש שיער","פטור","18.00%","18.00%","18.00%"
"חשמל ואלקטרוניקה","מוצרי טיפוח ועיצוב","מכונת גילוח","פטור","18.00%","18.00%","18.00%"
"חשמל ואלקטרוניקה","מוצרי טיפוח ועיצוב","מכונת תספורת","פטור","18.00%","18.00%","18.00%"
"חשמל ואלקטרוניקה","מוצרי טיפוח ועיצוב","מסירי שיער","פטור","18.00%","18.00%","18.00%"
"חשמל ואלקטרוניקה","מוצרים למטבח","אופה לחם","פטור","18.00%","18.00%","18.00%"
"חשמל ואלקטרוניקה","מוצרים למטבח","בלנדר","פטור","18.00%","18.00%","18.00%"
"חשמל ואלקטרוניקה","מוצרים למטבח","טוחן אשפה","פטור","18.00%","18.00%","18.00%"
"חשמל ואלקטרוניקה","מוצרים למטבח","טוסטר","פטור","18.00%","18.00%","18.00%"
"חשמל ואלקטרוניקה","מוצרים למטבח","כיריים גז","פטור","18.00%","18.00%","18.00%"
"חשמל ואלקטרוניקה","מוצרים למטבח","מדיח כלים","פטור","18.00%","18.00%","18.00%"
"חשמל ואלקטרוניקה","מוצרים למטבח","מטהרי מים","פטור","18.00%","18.00%","18.00%"
"חשמל ואלקטרוניקה","מוצרים למטבח","מטחנת בשר","פטור","18.00%","18.00%","18.00%"
"חשמל ואלקטרוניקה","מוצרים למטבח","מטחנת קפה ותבלינים","פטור","18.00%","18.00%","18.00%"
"חשמל ואלקטרוניקה","מוצרים למטבח","מיחם","פטור","18.00%","18.00%","18.00%"
"חשמל ואלקטרוניקה","מוצרים למטבח","מיקסר מטבח","פטור","18.00%","18.00%","18.00%"
"חשמל ואלקטרוניקה","מוצרים למטבח","מיקרוגל","פטור","18.00%","18.00%","18.00%"
"חשמל ואלקטרוניקה","מוצרים למטבח","מכונה להכנת גלידה","","","",""
"חשמל ואלקטרוניקה","מוצרים למטבח","מכונת קפה","פטור","18.00%","18.00%","18.00%"
"חשמל ואלקטרוניקה","מוצרים למטבח","מסחטה","פטור","18.00%","18.00%","18.00%"
"חשמל ואלקטרוניקה","מוצרים למטבח","מעבד מזון","פטור","18.00%","18.00%","18.00%"
"חשמל ואלקטרוניקה","מוצרים למטבח","מקפיא","פטור","18.00%","18.00%","18.00%"
"חשמל ואלקטרוניקה","מוצרים למטבח","מקרר יין","פטור","18.00%","18.00%","18.00%"
"חשמל ואלקטרוניקה","מוצרים למטבח","מקרר מעל 800 ליטר","פטור","18.00%"," 18%+649 ₪ לכל אחד "," 18%+649 ₪ לכל אחד "
"חשמל ואלקטרוניקה","מוצרים למטבח","מקרר עד 800 ליטר","פטור","18.00%","18.00%","18.00%"
"חשמל ואלקטרוניקה","מוצרים למטבח","מתקן מים","פטור","18.00%","18.00%","18.00%"
"חשמל ואלקטרוניקה","מוצרים למטבח","פלטה חשמלית","פטור","18.00%","18.00%","18.00%"
"חשמל ואלקטרוניקה","מוצרים למטבח","קולט אדים","פטור","18.00%","18.00%","18.00%"
"חשמל ואלקטרוניקה","מוצרים למטבח","קומקום","פטור","18.00%","18.00%","18.00%"
"חשמל ואלקטרוניקה","מוצרים למטבח","תנור אפייה","פטור","18.00%","18.00%","18.00%"
"חשמל ואלקטרוניקה","מחשבים, מדפסות וציוד תקשורת","אביזרים לניווט לוויני (ג'י.פי.אס)","פטור","18.00%","18.00%","18.00%"
"חשמל ואלקטרוניקה","מחשבים, מדפסות וציוד תקשורת","אביזרים נילווים למחשב/טאבלט","פטור","18.00%","18.00%","18.00%"
"חשמל ואלקטרוניקה","מחשבים, מדפסות וציוד תקשורת","אינטרקום","פטור","18.00%","18.00%","18.00%"
"חשמל ואלקטרוניקה","מחשבים, מדפסות וציוד תקשורת","אנטי וירוס","פטור","18.00%","18.00%","18.00%"
"חשמל ואלקטרוניקה","מחשבים, מדפסות וציוד תקשורת","דיו וטונרים","פטור","18.00%","18.00%","18.00%"
"חשמל ואלקטרוניקה","מחשבים, מדפסות וציוד תקשורת","זיכרון למחשבים","פטור","18.00%","18.00%","18.00%"
"חשמל ואלקטרוניקה","מחשבים, מדפסות וציוד תקשורת","זכרון נייד USB","פטור","18.00%","18.00%","18.00%"
"חשמל ואלקטרוניקה","מחשבים, מדפסות וציוד תקשורת","טייפ גיבוי","פטור","18.00%","18.00%","18.00%"
"חשמל ואלקטרוניקה","מחשבים, מדפסות וציוד תקשורת","כונן /צורב די.וי.די","פטור","18.00%","18.00%","18.00%"
"חשמל ואלקטרוניקה","מחשבים, מדפסות וציוד תקשורת","כונן קשיח","פטור","18.00%","18.00%","18.00%"
"חשמל ואלקטרוניקה","מחשבים, מדפסות וציוד תקשורת","כרטיס יו.אס.בי","","","",""
"חשמל ואלקטרוניקה","מחשבים, מדפסות וציוד תקשורת","כרטיס מסך","פטור","18.00%","18.00%","18.00%"
"חשמל ואלקטרוניקה","מחשבים, מדפסות וציוד תקשורת","כרטיס קול","פטור","18.00%","18.00%","18.00%"
"חשמל ואלקטרוניקה","מחשבים, מדפסות וציוד תקשורת","כרטיסי V ועריכה","פטור","18.00%","18.00%","18.00%"
"חשמל ואלקטרוניקה","מחשבים, מדפסות וציוד תקשורת","כרטיסי רשת","פטור","18.00%","18.00%","18.00%"
"חשמל ואלקטרוניקה","מחשבים, מדפסות וציוד תקשורת","לוח אם","פטור","18.00%","18.00%","18.00%"
"חשמל ואלקטרוניקה","מחשבים, מדפסות וציוד תקשורת","מארז כוננים ודיסקים","פטור","18.00%","18.00%","18.00%"
"חשמל ואלקטרוניקה","מחשבים, מדפסות וציוד תקשורת","מארז מחשב","פטור","18.00%","18.00%","18.00%"
"חשמל ואלקטרוניקה","מחשבים, מדפסות וציוד תקשורת","מגדילי טווח / Access Points / WIFI","פטור","18.00%","18.00%","18.00%"
"חשמל ואלקטרוניקה","מחשבים, מדפסות וציוד תקשורת","מגרסת נייר","פטור","18.00%","18.00%","18.00%"
"חשמל ואלקטרוניקה","מחשבים, מדפסות וציוד תקשורת","מדפסת","פטור","18.00%","18.00%","18.00%"
"חשמל ואלקטרוניקה","מחשבים, מדפסות וציוד תקשורת","מדפסת תלת מימד","פטור","18.00%","18.00%","18.00%"
"חשמל ואלקטרוניקה","מחשבים, מדפסות וציוד תקשורת","מודמים","פטור","18.00%","18.00%","18.00%"
"חשמל ואלקטרוניקה","מחשבים, מדפסות וציוד תקשורת","מחשב לקולנוע ביתי","פטור","18.00%","18.00%","18.00%"
"חשמל ואלקטרוניקה","מחשבים, מדפסות וציוד תקשורת","מחשב נייד","פטור","18.00%","18.00%","18.00%"
"חשמל ואלקטרוניקה","מחשבים, מדפסות וציוד תקשורת","מחשב נייח","פטור","18.00%","18.00%","18.00%"
"חשמל ואלקטרוניקה","מחשבים, מדפסות וציוד תקשורת","מחשבון","פטור","18.00%","18.00%","18.00%"
"חשמל ואלקטרוניקה","מחשבים, מדפסות וציוד תקשורת","מילון אלקטרוני","פטור","18.00%","18.00%","18.00%"
"חשמל ואלקטרוניקה","מחשבים, מדפסות וציוד תקשורת","מכונת צילום","פטור","18.00%","18.00%","18.00%"
"חשמל ואלקטרוניקה","מחשבים, מדפסות וציוד תקשורת","מכשיר כריכה ולמינציה","פטור","18.00%","18.00%","18.00%"
"חשמל ואלקטרוניקה","מחשבים, מדפסות וציוד תקשורת","מכשיר קשר","פטור","18.00%","18.00%","18.00%"
"חשמל ואלקטרוניקה","מחשבים, מדפסות וציוד תקשורת","מסך מחשב","פטור","18.00%","18.00%","18.00%"
"חשמל ואלקטרוניקה","מחשבים, מדפסות וציוד תקשורת","מעבד","פטור","18.00%","18.00%","18.00%"
"חשמל ואלקטרוניקה","מחשבים, מדפסות וציוד תקשורת","מקלדת","פטור","18.00%","18.00%","18.00%"
"חשמל ואלקטרוניקה","מחשבים, מדפסות וציוד תקשורת","משקפי מציאות מדומה","פטור","18.00%","18.00%","18.00%"
"חשמל ואלקטרוניקה","מחשבים, מדפסות וציוד תקשורת","נתבים (ראוטרים)","פטור","18.00%","18.00%","18.00%"
"חשמל ואלקטרוניקה","מחשבים, מדפסות וציוד תקשורת","סורק אלחוטי","פטור","18.00%","18.00%","18.00%"
"חשמל ואלקטרוניקה","מחשבים, מדפסות וציוד תקשורת","סטרימר","פטור","18.00%","18.00%","18.00%"
"חשמל ואלקטרוניקה","מחשבים, מדפסות וציוד תקשורת","ספק כח למחשבים","פטור","18.00%","18.00%","18.00%"
"חשמל ואלקטרוניקה","מחשבים, מדפסות וציוד תקשורת","עכבר","פטור","18.00%","18.00%","18.00%"
"חשמל ואלקטרוניקה","מחשבים, מדפסות וציוד תקשורת","קורא ספרים אלקטרוניים","פטור","18.00%","18.00%","18.00%"
"חשמל ואלקטרוניקה","מחשבים, מדפסות וציוד תקשורת","רמקול אלחוטי","","","","18.00%"
"חשמל ואלקטרוניקה","מחשבים, מדפסות וציוד תקשורת","שעון יד חכם","פטור","18.00%","18.00%","18.00%"
"חשמל ואלקטרוניקה","מחשבים, מדפסות וציוד תקשורת","תוכנות ולומדות","פטור","18.00%","18.00%","18.00%"
"חשמל ואלקטרוניקה","מחשבים, מדפסות וציוד תקשורת","תוכנות משרדיות","פטור","18.00%","18.00%","18.00%"
"חשמל ואלקטרוניקה","מכשירי שקילה","מד טווח לייזר","פטור","18.00%","18.00%","18.00%"
"חשמל ואלקטרוניקה","מכשירי שקילה","משקלים","פטור","18.00%","18.00%","18.00%"
"חשמל ואלקטרוניקה","מצלמות וציוד צילום","גריפים למצלמות","פטור","18.00%","18.00%","18.00%"
"חשמל ואלקטרוניקה","מצלמות וציוד צילום","חצובות וגימבלים","פטור","18.00%","18.00%","18.00%"
"חשמל ואלקטרוניקה","מצלמות וציוד צילום","כרטיס זיכרון","פטור","18.00%","18.00%","18.00%"
"חשמל ואלקטרוניקה","מצלמות וציוד צילום","מיקרוסקופ ממוחשב","פטור","18.00%","18.00%","18.00%"
"חשמל ואלקטרוניקה","מצלמות וציוד צילום","מצלמה","פטור","18.00%","18.00%","18.00%"
"חשמל ואלקטרוניקה","מצלמות וציוד צילום","מצלמה דיגיטלית","פטור","18.00%","18.00%","18.00%"
"חשמל ואלקטרוניקה","מצלמות וציוד צילום","מצלמה לרכב","פטור","18.00%","18.00%","18.00%"
"חשמל ואלקטרוניקה","מצלמות וציוד צילום","מצלמות אקסטרים","פטור","18.00%","18.00%","18.00%"
"חשמל ואלקטרוניקה","מצלמות וציוד צילום","מצלמת וידאו","פטור","18.00%","18.00%","18.00%"
"חשמל ואלקטרוניקה","מצלמות וציוד צילום","מצלמת רשת","פטור","18.00%","18.00%","18.00%"
"חשמל ואלקטרוניקה","מצלמות וציוד צילום","סוללות למצלמות","פטור","18.00%","18.00%","18.00%"
"חשמל ואלקטרוניקה","מצלמות וציוד צילום","עדשות למצלמה","פטור","18.00%","18.00%","18.00%"
"חשמל ואלקטרוניקה","מצלמות וציוד צילום","פילטר לעדשות","פטור","18.00%","18.00%","18.00%"
"חשמל ואלקטרוניקה","מצלמות וציוד צילום","פלאש למצלמה","פטור","18.00%","18.00%","18.00%"
"חשמל ואלקטרוניקה","מצלמות וציוד צילום","ציוד היקפי לצילום","פטור","18.00%","18.00%","18.00%"
"חשמל ואלקטרוניקה","מצלמות וציוד צילום","רחפן מעל 250 גרם ועד 7 קילוגרם","פטור","18.00%","18.00%","18.00%"
"חשמל ואלקטרוניקה","מצלמות וציוד צילום","רחפן מעל 7 ק""ג ועד 25 ק""ג","פטור","18.00%","18.00%","18.00%"
"חשמל ואלקטרוניקה","מצלמות וציוד צילום","רחפן עד 250 גרם","פטור","18.00%","18.00%","18.00%"
"חשמל ואלקטרוניקה","ניקיון, גיהוץ וכביסה","מגהץ","פטור","18.00%","18.00%","18.00%"
"חשמל ואלקטרוניקה","ניקיון, גיהוץ וכביסה","מייבש כביסה","פטור","18.00%","18.00%","18.00%"
"חשמל ואלקטרוניקה","ניקיון, גיהוץ וכביסה","מכונת כביסה","פטור","18.00%","18.00%","18.00%"
"חשמל ואלקטרוניקה","ניקיון, גיהוץ וכביסה","מכשיר שטיפה בייתי","","","",""
"חשמל ואלקטרוניקה","ניקיון, גיהוץ וכביסה","ערכת ניקוי בקיטור","פטור","18.00%","18.00%","18.00%"
"חשמל ואלקטרוניקה","ניקיון, גיהוץ וכביסה","שואב אבק","פטור","18.00%","18.00%","18.00%"
"חשמל ואלקטרוניקה","עיסוי והרפייה","מכשירי עיסוי","פטור","18.00%","18.00%","18.00%"
"חשמל ואלקטרוניקה","צפייה ושמע","אביזרים לאוזניות","פטור","18.00%","18.00%","18.00%"
"חשמל ואלקטרוניקה","צפייה ושמע","אביזרים למיקרופונים","פטור","18.00%","18.00%","18.00%"
"חשמל ואלקטרוניקה","צפייה ושמע","אוזניות","פטור","18.00%","18.00%","18.00%"
"חשמל ואלקטרוניקה","צפייה ושמע","אוזניות אלחוטיות","פטור","18.00%","18.00%","18.00%"
"חשמל ואלקטרוניקה","צפייה ושמע","בידורית","פטור","18.00%","18.00%","18.00%"
"חשמל ואלקטרוניקה","צפייה ושמע","טלויזיה","פטור","18.00%","18.00%","18.00%"
"חשמל ואלקטרוניקה","צפייה ושמע","מיקרופונים","פטור","18.00%","18.00%","18.00%"
"חשמל ואלקטרוניקה","צפייה ושמע","מכשיר הקלטה","פטור","18.00%","18.00%","18.00%"
"חשמל ואלקטרוניקה","צפייה ושמע","ממיר דיגיטלי","פטור","18.00%","18.00%","18.00%"
"חשמל ואלקטרוניקה","צפייה ושמע","מערבל צליל משולב במגבר הספק (מיקסר)","פטור","18.00%","18.00%","18.00%"
"חשמל ואלקטרוניקה","צפייה ושמע","מערבל קול","פטור","18.00%","18.00%","18.00%"
"חשמל ואלקטרוניקה","צפייה ושמע","מערכות סטריאו","פטור","18.00%","18.00%","18.00%"
"חשמל ואלקטרוניקה","צפייה ושמע","מערכות שמע ניידות","פטור","18.00%","18.00%","18.00%"
"חשמל ואלקטרוניקה","צפייה ושמע","מערכת כריזה","פטור","18.00%","18.00%","18.00%"
"חשמל ואלקטרוניקה","צפייה ושמע","מקרן","פטור","18.00%","18.00%","18.00%"
"חשמל ואלקטרוניקה","צפייה ושמע","מקרני קול / סאונד-בר","פטור","18.00%","18.00%","18.00%"
"חשמל ואלקטרוניקה","צפייה ושמע","מרקע למטול (מסך הקרנה למקרן וידאו)","פטור","18.00%","18.00%","18.00%"
"חשמל ואלקטרוניקה","צפייה ושמע","נגני מוזיקה","פטור","18.00%","18.00%","18.00%"
"חשמל ואלקטרוניקה","צפייה ושמע","פטיפון","פטור","18.00%","18.00%","18.00%"
"חשמל ואלקטרוניקה","צפייה ושמע","קולנוע ביתי","פטור","18.00%","18.00%","18.00%"
"חשמל ואלקטרוניקה","צפייה ושמע","קומפקט דיסק","פטור","18.00%","18.00%","18.00%"
"חשמל ואלקטרוניקה","צפייה ושמע","רמקול למחשב","פטור","18.00%","18.00%","18.00%"
"חשמל ואלקטרוניקה","צפייה ושמע","רמקולים","פטור","18.00%","18.00%","18.00%"
"חשמל ואלקטרוניקה","צפייה ושמע","רמקולים למערכות הגברה","פטור","18.00%","18.00%","18.00%"
"חשמל ואלקטרוניקה","צפייה ושמע","רמקולים ניידים ותחנות עגינה","פטור","18.00%","18.00%","18.00%"
"חשמל ואלקטרוניקה","צפייה ושמע","רסיברים ומגברים","פטור","18.00%","18.00%","18.00%"
"חשמל ואלקטרוניקה","קונוסולות ומשחקי טלוויזיה","ג'ויסטיק ואביזרי משחק","פטור","18.00%","18.00%","18.00%"
"חשמל ואלקטרוניקה","קונוסולות ומשחקי טלוויזיה","מוצרים לאקס בוקס","פטור","18.00%","18.00%","18.00%"
"חשמל ואלקטרוניקה","קונוסולות ומשחקי טלוויזיה","מוצרים לנינטנדו","פטור","18.00%","18.00%","18.00%"
"חשמל ואלקטרוניקה","קונוסולות ומשחקי טלוויזיה","משחקי טלוויזיה - קונסולות","פטור","18.00%","18.00%","18.00%"
"חשמל ואלקטרוניקה","קונוסולות ומשחקי טלוויזיה","פלייסטיישן - אביזרים","פטור","18.00%","18.00%","18.00%"
"כלי רכב ואביזרים","אבזור לכלי רכב","ג'ק, מגבה מטלטל לרכב","פטור","18.00%","18.00%","18.00%"
"כלי רכב ואביזרים","אבזור לכלי רכב","דיבוריות","פטור","18.00%","18.00%","18.00%"
"כלי רכב ואביזרים","אבזור לכלי רכב","וילונות לרכב","פטור","18.00%","18.00%","18.00%"
"כלי רכב ואביזרים","אבזור לכלי רכב","כיסויי מושבים","פטור","18.00%","18.00%","18.00%"
"כלי רכב ואביזרים","אבזור לכלי רכב","כיסויים לרכב","פטור","18.00%","18.00%","18.00%"
"כלי רכב ואביזרים","אבזור לכלי רכב","מגברים לרכב","פטור","18.00%","18.00%","18.00%"
"כלי רכב ואביזרים","אבזור לכלי רכב","מדבקות ושלטים לרכב","פטור","18.00%","18.00%","18.00%"
"כלי רכב ואביזרים","אבזור לכלי רכב","מטען לרכב חשמלי ""טסלה""","פטור","שיעור 40.66% ","שיעור 40.66% ","שיעור 40.66% "
"כלי רכב ואביזרים","אבזור לכלי רכב","מכשיר דיאגנוסטיקה לרכב - (מכשיר בדיקה לרכב)","פטור","18.00%","18.00%","18.00%"
"כלי רכב ואביזרים","אבזור לכלי רכב","מנשא לאופניים","פטור","שיעור 40.66% ","שיעור 40.66% ","שיעור 40.66% "
"כלי רכב ואביזרים","אבזור לכלי רכב","מסכים לרכב","פטור","18.00%","18.00%","18.00%"
"כלי רכב ואביזרים","אבזור לכלי רכב","מערכות ניווט GPS","פטור","18.00%","18.00%","18.00%"
"כלי רכב ואביזרים","אבזור לכלי רכב","מערכת מולטימדיה לרכב","פטור","18.00%","18.00%","18.00%"
"כלי רכב ואביזרים","אבזור לכלי רכב","מראות לרכב","שיעור 40.66% ","שיעור 40.66% ","שיעור 40.66% ","שיעור 40.66% "
"כלי רכב ואביזרים","אבזור לכלי רכב","משולש אזהרה","פטור","18.00%","18.00%","18.00%"
"כלי רכב ואביזרים","אבזור לכלי רכב","משענות עיסוי לרכב","פטור","18.00%","18.00%","18.00%"
"כלי רכב ואביזרים","אבזור לכלי רכב","רמקולים לרכב","פטור","18.00%","18.00%","18.00%"
"כלי רכב ואביזרים","אבזור לכלי רכב","שטיחים לרכב (טקסטיל)","פטור","18.00%","18.00%","18.00%"
"כלי רכב ואביזרים","אבזור לכלי רכב","שטיחים לרכב מגומי","פטור","שיעור 40.66% ","שיעור 40.66% ","שיעור 40.66% "
"כלי רכב ואביזרים","אביזרי מיגון","חגורות בטיחות","פטור","18.00%","שיעור 40.66% ","שיעור 40.66% "
"כלי רכב ואביזרים","אביזרי מיגון","חלקים לחגורת בטיחות","פטור","שיעור 40.66% ","שיעור 40.66% ","שיעור 40.66% "
"כלי רכב ואביזרים","אביזרי מיגון","טבלאות וסרטים זוהרים מחזירי אור","פטור","18.00%","18.00%","18.00%"
"כלי רכב ואביזרים","אביזרי מיגון","קסדות - אופנועים","פטור","18.00%","18.00%","18.00%"
"כלי רכב ואביזרים","אביזרי מיגון","קסדות - אופניים","פטור","18.00%","18.00%","18.00%"
"כלי רכב ואביזרים","אביזרי מיגון","קסדות מגן לחיילים","פטור","18.00%","18.00%","18.00%"
"כלי רכב ואביזרים","אביזרי מיגון","קסדת מגן","פטור","18.00%","18.00%","18.00%"
"כלי רכב ואביזרים","אביזרי מיגון","שמשות ביטחון לרכב","פטור","שיעור 40.66% ","שיעור 40.66% ","שיעור 40.66% "
"כלי רכב ואביזרים","חלפים וציוד היקפי","אבובים לאופנוע","פטור","18.00%","18.00%","18.00%"
"כלי רכב ואביזרים","חלפים וציוד היקפי","אבובים לרכב","פטור","18.00%","18.00%","18.00%"
"כלי רכב ואביזרים","חלפים וציוד היקפי","בולמי זעזועים","פטור","שיעור 40.66% ","שיעור 40.66% ","שיעור 40.66% "
"כלי רכב ואביזרים","חלפים וציוד היקפי","ברזים וסתים ושסתומים לכלי רכב","פטור","שיעור 40.66% ","שיעור 40.66% ","שיעור 40.66% "
"כלי רכב ואביזרים","חלפים וציוד היקפי","גגונים ונשיאת ציוד","פטור","שיעור 40.66% ","שיעור 40.66% ","שיעור 40.66% "
"כלי רכב ואביזרים","חלפים וציוד היקפי","גלאי רדאר","פטור","18.00%","18.00%","18.00%"
"כלי רכב ואביזרים","חלפים וציוד היקפי","גלגלי הגה לכלי רכב","פטור","שיעור 40.66% ","שיעור 40.66% ","שיעור 40.66% "
"כלי רכב ואביזרים","חלפים וציוד היקפי","גלגלי כביש, חלקיהם ואביזריהם","שיעור 40.66% ","שיעור 40.66% ","שיעור 40.66% ","שיעור 40.66% "
"כלי רכב ואביזרים","חלפים וציוד היקפי","חלקי רכב כללי","פטור","שיעור 40.66% ","שיעור 40.66% ","שיעור 40.66% "
"כלי רכב ואביזרים","חלפים וציוד היקפי","כריות בטיחות מתנפחות עם מערכת ניפוח; חלקיהן","פטור","18.00%","18.00%","18.00%"
"כלי רכב ואביזרים","חלפים וציוד היקפי","לוחיות זיהוי לרכב","פטור","שיעור 40.66% ","שיעור 40.66% ","שיעור 40.66% "
"כלי רכב ואביזרים","חלפים וציוד היקפי","מגבים לרכב","פטור","18.00%","18.00%","18.00%"
"כלי רכב ואביזרים","חלפים וציוד היקפי","מגיני בוץ לרכב","פטור","שיעור 40.66% ","שיעור 40.66% ","שיעור 40.66% "
"כלי רכב ואביזרים","חלפים וציוד היקפי","מדחסים לרכב","פטור","שיעור 40.66% ","שיעור 40.66% ","שיעור 40.66% "
"כלי רכב ואביזרים","חלפים וציוד היקפי","מושבים וחלקיהם, משענות ראש וחלקיהן מהסוג המשמש לכלי רכב","פטור","שיעור 40.66% ","שיעור 40.66% ","שיעור 40.66% "
"כלי רכב ואביזרים","חלפים וציוד היקפי","מיכלי גפ""מ לרכב","פטור","18.00%","18.00%","18.00%"
"כלי רכב ואביזרים","חלפים וציוד היקפי","מכונות ומכשירים חשמליים בעלי פונקציות עצמאיות מהסוג המשמש ברכב","פטור","שיעור 40.66% ","שיעור 40.66% ","שיעור 40.66% "
"כלי רכב ואביזרים","חלפים וציוד היקפי","מכשירי ניווט המותקנים קבוע ברכב","פטור","18.00%","18.00%","18.00%"
"כלי רכב ואביזרים","חלפים וציוד היקפי","מנועים וגנרטורים חשמליים -  לקורקינט או לאופניים חשמליים","פטור","שיעור 40.66% ","שיעור 40.66% ","שיעור 40.66% "
"כלי רכב ואביזרים","חלפים וציוד היקפי","מצברים","פטור"," 18%+94.40 ₪ לכל אחד "," 18%+94.40 ₪ לכל אחד "," 18%+94.40 ₪ לכל אחד "
"כלי רכב ואביזרים","חלפים וציוד היקפי","מקררים לרכב","פטור","18.00%","18.00%","18.00%"
"כלי רכב ואביזרים","חלפים וציוד היקפי","מרכבים ותאי נהג","פטור","שיעור 40.66% ","שיעור 40.66% ","שיעור 40.66% "
"כלי רכב ואביזרים","חלפים וציוד היקפי","משאבות הידראוליות במערכת בלימה, משאבות הגה כוח","פטור","שיעור 40.66% ","שיעור 40.66% ","שיעור 40.66% "
"כלי רכב ואביזרים","חלפים וציוד היקפי","נוזל בלמים","פטור","18.00%","18.00%","18.00%"
"כלי רכב ואביזרים","חלפים וציוד היקפי","נורות לד לרכב","פטור","18.00%","18.00%","18.00%"
"כלי רכב ואביזרים","חלפים וציוד היקפי","נורות לרכב","","","","18.00%"
"כלי רכב ואביזרים","חלפים וציוד היקפי","עמעמי פליטה לרכב","פטור","שיעור 40.66% ","שיעור 40.66% ","שיעור 40.66% "
"כלי רכב ואביזרים","חלפים וציוד היקפי","פגוש/טמבון לרכב","","","","שיעור 40.66% "
"כלי רכב ואביזרים","חלפים וציוד היקפי","ציוד התראה לרכב (צופרים)","פטור","18.00%","18.00%","18.00%"
"כלי רכב ואביזרים","חלפים וציוד היקפי","צינורות וזרנוקים לרכב","פטור","שיעור 40.66% ","שיעור 40.66% ","שיעור 40.66% "
"כלי רכב ואביזרים","חלפים וציוד היקפי","צלחת רתימה, ווי גרירה, פיני גרירה","פטור","שיעור 40.66% ","שיעור 40.66% ","שיעור 40.66% "
"כלי רכב ואביזרים","חלפים וציוד היקפי","צמיגים לאופניים","פטור","18.00%","18.00%","18.00%"
"כלי רכב ואביזרים","חלפים וציוד היקפי","צמיגים לרכב","פטור","18.00%","18.00%","18.00%"
"כלי רכב ואביזרים","חלפים וציוד היקפי","צמיגים לרכב - משומשים","פטור","18.00%","18.00%","18.00%"
"כלי רכב ואביזרים","חלפים וציוד היקפי","רפידות בלימה לרכב","פטור","18.00%","18.00%","18.00%"
"כלי רכב ואביזרים","חלפים וציוד היקפי","שואבי אבק לרכב","פטור","18.00%","18.00%","18.00%"
"כלי רכב ואביזרים","חלפים וציוד היקפי","שלדה וכידון המיועדים לאופניים עם מנועי עזר או לקורקינט","פטור","18.00%","18.00%","18.00%"
"כלי רכב ואביזרים","חלפים וציוד היקפי","שלט רחוק אלחוטי","פטור","18.00%","18.00%","18.00%"
"כלי רכב ואביזרים","חלפים וציוד היקפי","תאורה ופנסים לרכב","פטור","18.00%","18.00%","18.00%"
"כלי רכב ואביזרים","חלפים וציוד היקפי","תופי בלם, דיסקיות בלימה ומערכות ABS","פטור","18.00%","18.00%","18.00%"
"כלי רכב ואביזרים","חלפים וציוד היקפי","תיבת הילוכים","","","","שיעור 40.66% "
"כלי רכב ואביזרים","כלי טיס וחלקיהם","חלקים אחרים של מטוסים , מסוקים או כלי טיס בלתי מאויישים","פטור","18.00%","18.00%","18.00%"
"כלי רכב ואביזרים","כלי טיס וחלקיהם","כלי טיס","","","","שיעור 35.70% "
"כלי רכב ואביזרים","כלי טיס וחלקיהם","מדחסים ורוטרים וחלקיהם","","","","18.00%"
"כלי רכב ואביזרים","כלי טיס וחלקיהם","קני נסע וחלקיהם","","","","18.00%"
"כלי רכב ואביזרים","כלי תחבורה","אופניים חשמליים","פטור","18.00%","18.00%","18.00%"
"כלי רכב ואביזרים","כלי תחבורה","אופניים לא ממונעים","פטור","18.00%","18.00%","18.00%"
"כלי רכב ואביזרים","כלי תחבורה","יאכטה","","","","שיעור 35.70% "
"כלי רכב ואביזרים","כלי תחבורה","קלנועית","פטור","18.00%","18.00%","שיעור 26.26% "
"לבית, לגן ולמשרד","אביזרי אינסטלציה וסניטציה","אמבטיות","פטור","18.00%","18.00%","18.00%"
"לבית, לגן ולמשרד","אביזרי אינסטלציה וסניטציה","אסלות","פטור","18.00%","18.00%","18.00%"
"לבית, לגן ולמשרד","אביזרי אינסטלציה וסניטציה","ברזים למים בבית","פטור","18.00%","18.00%","18.00%"
"לבית, לגן ולמשרד","אביזרי אינסטלציה וסניטציה","כיורים","פטור","18.00%","18.00%","18.00%"
"לבית, לגן ולמשרד","אביזרי אינסטלציה וסניטציה","מקלחונים","פטור","18.00%","18.00%","18.00%"
"לבית, לגן ולמשרד","אביזרים וחומרי ניקוי","חומרי ניקוי","פטור","18.00%","18.00%","18.00%"
"לבית, לגן ולמשרד","אביזרים וחומרי ניקוי","קוטלי חרקים","פטור","18.00%","18.00%","18.00%"
"לבית, לגן ולמשרד","אביזרים וחומרי ניקוי","תכשירים לבישום הבית","פטור","18.00%","18.00%","18.00%"
"לבית, לגן ולמשרד","בריכות ואביזרי בריכה","בריכות","פטור","18.00%","18.00%","18.00%"
"לבית, לגן ולמשרד","חפצי נוי","אגרטלים וכדים","פטור","18.00%","18.00%","18.00%"
"לבית, לגן ולמשרד","חפצי נוי","אוספים ומוצרי אספנות","פטור","18.00%","18.00%","18.00%"
"לבית, לגן ולמשרד","חפצי נוי","מסגרות ואלבומים לתמונות","פטור","18.00%","18.00%","18.00%"
"לבית, לגן ולמשרד","חפצי נוי","נברשת","פטור","18.00%","18.00%",""
"לבית, לגן ולמשרד","חפצי נוי","נרות","פטור","18.00%","18.00%","18.00%"
"לבית, לגן ולמשרד","חפצי נוי","פסלונים","פטור","18.00%","18.00%","18.00%"
"לבית, לגן ולמשרד","חפצי נוי","שעונים מעוצבים לבית","פטור","18.00%","18.00%","18.00%"
"לבית, לגן ולמשרד","חפצי נוי","שעונים מעוררים","פטור","18.00%","18.00%","18.00%"
"לבית, לגן ולמשרד","חפצי נוי","תמונות","פטור","18.00%","18.00%","18.00%"
"לבית, לגן ולמשרד","כלי אוכל, אפייה ובישול","אביזרי אפייה","פטור","18.00%","18.00%","18.00%"
"לבית, לגן ולמשרד","כלי אוכל, אפייה ובישול","כלי אוכל","","","","18.00%"
"לבית, לגן ולמשרד","כלי אוכל, אפייה ובישול","כלי שולחן מכסף","פטור","18.00%","18.00%","18.00%"
"לבית, לגן ולמשרד","כלי אוכל, אפייה ובישול","כלים חד פעמיים","","","","18.00%"
"לבית, לגן ולמשרד","כלי אוכל, אפייה ובישול","מחבתות","","","",""
"לבית, לגן ולמשרד","כלי אוכל, אפייה ובישול","סירי בישול וטיגון","","","",""
"לבית, לגן ולמשרד","כלי אוכל, אפייה ובישול","סכין","פטור","18.00%","18.00%","18.00%"
"לבית, לגן ולמשרד","כלי אוכל, אפייה ובישול","תבניות אפיה וחימום","","","",""
"לבית, לגן ולמשרד","כלי אוכל, אפייה ובישול","תבנית מפלסטיק להכנת שוקולד","פטור","18.00%","18.00%","18.00%"
"לבית, לגן ולמשרד","כלי אוכל, אפייה ובישול","תכשיטי כסף","","","","18.00%"
"לבית, לגן ולמשרד","מוצרים מינרליים","אבני אודם, ספיר וברקת","","","",""
"לבית, לגן ולמשרד","מוצרים מינרליים","אבני חן למעט אודם,ספיר וברקת","פטור","18.00%","18.00%","פטור"
"לבית, לגן ולמשרד","מוצרים מינרליים","אבני קוורץ","פטור","18.00%","18.00%","18.00%"
"לבית, לגן ולמשרד","מיגון הבית","כספות","פטור","18.00%","18.00%","18.00%"
"לבית, לגן ולמשרד","מיגון הבית","מנעולים","פטור","18.00%","18.00%","18.00%"
"לבית, לגן ולמשרד","מיגון הבית","מערכות גילוי אש","פטור","18.00%","18.00%","18.00%"
"לבית, לגן ולמשרד","מיגון הבית","מערכות הקלטה DVR","פטור","18.00%","18.00%","18.00%"
"לבית, לגן ולמשרד","מיגון הבית","מצלמות אבטחה","פטור","18.00%","18.00%","18.00%"
"לבית, לגן ולמשרד","מיגון הבית","ראיית לילה","פטור","18.00%","18.00%","18.00%"
"לבית, לגן ולמשרד","מצעים, שטיחים וטקסטיל","בד לוילון מחומרי טקסטיל אחרים","פטור","18.00%","18.00%","18.00%"
"לבית, לגן ולמשרד","מצעים, שטיחים וטקסטיל","בד לוילון מכותנה","פטור","18.00%","18.00%","18.00%"
"לבית, לגן ולמשרד","מצעים, שטיחים וטקסטיל","בד לוילון מסיבים סינתטיים","פטור","18.00%","18.00%","18.00%"
"לבית, לגן ולמשרד","מצעים, שטיחים וטקסטיל","מגבות","פטור","18.00%","18.00%","18.00%"
"לבית, לגן ולמשרד","מצעים, שטיחים וטקסטיל","מפות שולחן","פטור","18.00%","18.00%","18.00%"
"לבית, לגן ולמשרד","מצעים, שטיחים וטקסטיל","מצעים","פטור","18.00%","18.00%","18.00%"
"לבית, לגן ולמשרד","מצעים, שטיחים וטקסטיל","שטיחים","פטור","18.00%","18.00%","18.00%"
"לבית, לגן ולמשרד","מצעים, שטיחים וטקסטיל","שמיכות וכריות","פטור","18.00%","18.00%","18.00%"
"לבית, לגן ולמשרד","צביעה, בנייה ושיפוצים","ארגזי כלים","פטור","18.00%","18.00%","18.00%"
"לבית, לגן ולמשרד","צביעה, בנייה ושיפוצים","כלי עבודה לא חשמליים(כללי)","","","","18.00%"
"לבית, לגן ולמשרד","צביעה, בנייה ושיפוצים","מדבקות קיר וטפטים","פטור","18.00%","18.00%","18.00%"
"לבית, לגן ולמשרד","צביעה, בנייה ושיפוצים","צבעי בניין","פטור","18.00%","18.00%","18.00%"
"לבית, לגן ולמשרד","ציוד חירום","תאורת חירום","פטור","18.00%","18.00%","18.00%"
"לבית, לגן ולמשרד","ציוד משרדי","מסמני לייזר","פטור","18.00%","18.00%","18.00%"
"לבית, לגן ולמשרד","צמחייה וגינון","מוצרי חקלאות - זרעים, שתלים","פטור","18.00%","18.00%","18.00%"
"לבית, לגן ולמשרד","צמחייה וגינון","קוטלי עשבים","פטור","18.00%","18.00%","18.00%"
"לבית, לגן ולמשרד","קדושה ודת","כיפות","פטור","18.00%","18.00%","18.00%"
"לבית, לגן ולמשרד","קדושה ודת","כלי כסף ","פטור","18.00%","18.00%","18.00%"
"לבית, לגן ולמשרד","קדושה ודת","תשמישי קדושה לפי דת הנצרות","פטור","18.00%","18.00%","18.00%"
"לבית, לגן ולמשרד","קדושה ודת","תשמישי קדושה לפי דת ישראל","פטור","18.00%","18.00%","18.00%"
"לבית, לגן ולמשרד","ריהוט וציוד לגן","גרילים ומעשנות על גז","פטור","18.00%","18.00%","18.00%"
"לבית, לגן ולמשרד","ריהוט וציוד לגן","מחסנים וארונות שירות","פטור","18.00%","",""
"לבית, לגן ולמשרד","ריהוט וציוד לגן","סולמות","פטור","18.00%","18.00%","18.00%"
"לבית, לגן ולמשרד","ריהוט וציוד לגן","צעצועים לבית ולחצר","פטור","18.00%","18.00%","18.00%"
"לבית, לגן ולמשרד","ריהוט וציוד לגן","ריהוט גן","פטור","18.00%","18.00%","18.00%"
"לבית, לגן ולמשרד","ריהוט לבית","ארונות אמבטיה","פטור","18.00%","18.00%","18.00%"
"לבית, לגן ולמשרד","ריהוט לבית","ארונות בגדים, שידות וכונניות","פטור","18.00%","18.00%","18.00%"
"לבית, לגן ולמשרד","ריהוט לבית","דלתות ","פטור","18.00%","18.00%","18.00%"
"לבית, לגן ולמשרד","ריהוט לבית","חדרי שינה","פטור","18.00%","18.00%","18.00%"
"לבית, לגן ולמשרד","ריהוט לבית","כורסאות","פטור","18.00%","18.00%","18.00%"
"לבית, לגן ולמשרד","ריהוט לבית","כסאות","פטור","18.00%","18.00%","18.00%"
"לבית, לגן ולמשרד","ריהוט לבית","מזנונים ושולחנות טלוויזיה","פטור","18.00%","18.00%","18.00%"
"לבית, לגן ולמשרד","ריהוט לבית","מזרנים","פטור","18.00%","18.00%","18.00%"
"לבית, לגן ולמשרד","ריהוט לבית","מיטות","פטור","18.00%","18.00%","18.00%"
"לבית, לגן ולמשרד","ריהוט לבית","ספות ומערכות ישיבה","פטור","18.00%","18.00%","18.00%"
"לבית, לגן ולמשרד","ריהוט לבית","ריהוט לחדרי ילדים","פטור","18.00%","18.00%","18.00%"
"לבית, לגן ולמשרד","ריהוט לבית","ריהוט לתינוקות","פטור","18.00%","18.00%","18.00%"
"לבית, לגן ולמשרד","ריהוט לבית","שולחנות גיהוץ","","","","18.00%"
"לבית, לגן ולמשרד","ריהוט לבית","שולחנות ופינות אוכל","פטור","18.00%","18.00%","18.00%"
"לבית, לגן ולמשרד","ריהוט לבית","שולחנות מחשב","פטור","18.00%","18.00%","18.00%"
"לבית, לגן ולמשרד","תאורה ואביזרים","מנורות גומחה","","","",""
"לבית, לגן ולמשרד","תאורה ואביזרים","מנורת תלייה / נברשת","פטור","18.00%","18.00%","18.00%"
"לבית, לגן ולמשרד","תאורה ואביזרים","מצתים","פטור","18.00%","18.00%","שיעור 40.66% "
"לבית, לגן ולמשרד","תאורה ואביזרים","מתגים חכמים","פטור","18.00%","18.00%","18.00%"
"לבית, לגן ולמשרד","תאורה ואביזרים","נורות LED","פטור","18.00%","18.00%","18.00%"
"לבית, לגן ולמשרד","תאורה ואביזרים","נורות אדי כספית","פטור","18.00%","18.00%","18.00%"
"לבית, לגן ולמשרד","תאורה ואביזרים","נורות טונגסטן והלוגן","פטור","18.00%","18.00%","18.00%"
"לבית, לגן ולמשרד","תאורה ואביזרים","נורות להט","פטור","18.00%","18.00%","18.00%"
"לבית, לגן ולמשרד","תאורה ואביזרים","נורות פלורוסצנטיות","פטור","18.00%","18.00%","18.00%"
"לבית, לגן ולמשרד","תאורה ואביזרים","תאורה לבית","פטור","18.00%","18.00%","18.00%"
"לבית, לגן ולמשרד","תאורה ואביזרים","תאורת גן","פטור","18.00%","18.00%","18.00%"
"לבית, לגן ולמשרד","תאורה ואביזרים","תקעים ובתי תקע","פטור","18.00%","18.00%","18.00%"
"מוצרי תינוקות","אביזרי האכלה והנקה","כסאות אוכל","פטור","18.00%","18.00%",""
"מוצרי תינוקות","החתלה וניקיון","אמבטיות לתינוק","פטור","18.00%","18.00%","18.00%"
"מוצרי תינוקות","החתלה וניקיון","חיתולי בד לתינוקות ","פטור","18.00%","18.00%","18.00%"
"מוצרי תינוקות","החתלה וניקיון","חיתולים לתינוקות","פטור","18.00%","18.00%","18.00%"
"מוצרי תינוקות","משטחים, טרמפולינות ונדנדות לתינוקות","טרמפולינות ונדנדות לתינוקות","פטור","18.00%","18.00%",""
"מוצרי תינוקות","עגלות, טיולונים ומנשאים","בסיס למושב תינוק לרכב","פטור","18.00%","18.00%","18.00%"
"מוצרי תינוקות","עגלות, טיולונים ומנשאים","מושב בטיחות לתינוק לרכב","פטור","18.00%","18.00%","18.00%"
"מוצרי תינוקות","עגלות, טיולונים ומנשאים","מנשאים לתינוקות","פטור","18.00%","18.00%","18.00%"
"מוצרי תינוקות","עגלות, טיולונים ומנשאים","עגלות וטיולונים","פטור","18.00%","18.00%","18.00%"
"מוצרי תינוקות","תכשירים לתינוק ומוצרים נלווים","טיפוח לילדים ותינוקות","פטור","18.00%","18.00%","18.00%"
"מוצרי תינוקות","תכשירים לתינוק ומוצרים נלווים","מוצצים","פטור","18.00%","18.00%","18.00%"
"מזון ומשקאות ","בשר, עוף ודגים","בקר, טרי","פטור","18.00%","18.00%","18.00%"
"מזון ומשקאות ","בשר, עוף ודגים","בשר אחר, טרי/קפוא, מעובד/גולמי","","","",""
"מזון ומשקאות ","בשר, עוף ודגים","בשר חזיר טרי","","","","שיעור 53.40% "
"מזון ומשקאות ","בשר, עוף ודגים","בשר חזיר קפוא","","","","שיעור 41.60% "
"מזון ומשקאות ","בשר, עוף ודגים","דגים טריים/קפואים, מעובדים/גולמיים","","","",""
"מזון ומשקאות ","בשר, עוף ודגים","דגים מעובדים או משומרים","פטור","18.00%","18.00%","18.00%"
"מזון ומשקאות ","בשר, עוף ודגים","נקניקים","פטור","18.00%","18.00%","18.00%"
"מזון ומשקאות ","בשר, עוף ודגים","נקניקים מבשר עוף","פטור","18.00%","18.00%","18.00%"
"מזון ומשקאות ","בשר, עוף ודגים","עוף, טרי/קפוא, מעובד/גולמי","פטור","18.00%","18.00%"," 18%+5.31 ₪ לקילוגרם אל""י מ-218.60% "
"מזון ומשקאות ","בשר, עוף ודגים","קוויאר","פטור","18.00%","18.00%","18.00%"
"מזון ומשקאות ","בשר, עוף ודגים","שומן חזיר","","","","שיעור 32.16% "
"מזון ומשקאות ","דגנים וקטניות","דגנים וחטיפי דגנים","","","",""
"מזון ומשקאות ","דגנים וקטניות","פסטה, אורז וקטניות","","","",""
"מזון ומשקאות ","חטיפים וממתקים","חטיפים וממתקים","פטור","18.00%","18.00%","18.00%"
"מזון ומשקאות ","חלב, ביצים ומעדנים","אבקת חלב","פטור","18.00%","18.00%","שיעור 209.16% "
"מזון ומשקאות ","חלב, ביצים ומעדנים","גבינות קשות","","",""," 18%+9.94 ₪ לקילוגרם "
"מזון ומשקאות ","חלב, ביצים ומעדנים","גבינות רכות","","",""," 18%+9.94 ₪ לקילוגרם "
"מזון ומשקאות ","חלב, ביצים ומעדנים","חמאה","פטור","18.00%","18.00%","18.00%"
"מזון ומשקאות ","חלב, ביצים ומעדנים","יוגורט ושמנות","פטור","18.00%","18.00%","18.00%"
"מזון ומשקאות ","חלב, ביצים ומעדנים","תחליף חלב","פטור","18.00%","18.00%","שיעור 32.75% "
"מזון ומשקאות ","לחם, מאפים ומוצרי אפייה","מוצרי אפייה","","","",""
"מזון ומשקאות ","לחם, מאפים ומוצרי אפייה","מוצרי בצק ומאפה","","","",""
"מזון ומשקאות ","מזון","מזון מעורב עד 15 ק""ג","פטור","18.00%","18.00%","18.00%"
"מזון ומשקאות ","מזון תינוקות","אבקות חלב בקופסאות","","","",""
"מזון ומשקאות ","מזון תינוקות","מזון לתינוקות","פטור","18.00%","18.00%","18.00%"
"מזון ומשקאות ","מזון תינוקות","תרכובת מזון יעודיות לתינוקות ופעוטות","","","",""
"מזון ומשקאות ","משקאות אלכוהוליים","אלכוהול ומשקאות חריפים"," 18%+118.28 ₪ לליטר אלכוהול "," 18%+118.28 ₪ לליטר אלכוהול "," 18%+118.28 ₪ לליטר אלכוהול "," 18%+118.28 ₪ לליטר אלכוהול "
"מזון ומשקאות ","משקאות אלכוהוליים","בירה מפוקת מלתת מעל 3.8% אלכוהול"," 18%+3.26 ₪ לליטר "," 18%+3.26 ₪ לליטר "," 18%+3.26 ₪ לליטר "," 18%+3.26 ₪ לליטר "
"מזון ומשקאות ","משקאות אלכוהוליים","בירה מפוקת מלתת עד 3.8% אלכוהול","18.00%","18.00%","18.00%","18.00%"
"מזון ומשקאות ","משקאות אלכוהוליים","יין","שיעור 32.16% + 1.71 ₪ לליטר אל""פ מ- 18%+6.16 ₪ לליטר","שיעור 32.16% + 1.71 ₪ לליטר אל""פ מ- 18%+6.16 ₪ לליטר","שיעור 32.16% + 1.71 ₪ לליטר אל""פ מ- 18%+6.16 ₪ לליטר","שיעור 32.16% + 1.71 ₪ לליטר אל""פ מ- 18%+6.16 ₪ לליטר"
"מזון ומשקאות ","משקאות אלכוהוליים","יינות","שיעור 32.16% + 1.71 ₪ לליטר אל""פ מ- 18%+6.16 ₪ לליטר","שיעור 32.16% + 1.71 ₪ לליטר אל""פ מ- 18%+6.16 ₪ לליטר","שיעור 32.16% + 1.71 ₪ לליטר אל""פ מ- 18%+6.16 ₪ לליטר","שיעור 32.16% + 1.71 ₪ לליטר אל""פ מ- 18%+6.16 ₪ לליטר"
"מזון ומשקאות ","משקאות קלים","משקאות קלים","","","",""
"מזון ומשקאות ","פירות, ירקות ופיצוחים","אתרוגים קומקווט וליים טריים","פטור","18.00%","18.00%"," 18%+1.60 ₪ לקילוגרם אל""י מ-102.96% "
"מזון ומשקאות ","פירות, ירקות ופיצוחים","ירקות","פטור","18.00%","18.00%","שיעור 62.25% "
"מזון ומשקאות ","פירות, ירקות ופיצוחים","פירות","פטור","18.00%","18.00%","שיעור 62.25% "
"מזון ומשקאות ","פירות, ירקות ופיצוחים","שימורי ירקות או פירות","פטור","18.00%","18.00%","שיעור 32.16% "
"מזון ומשקאות ","שימורים וסלטים","מוצרי חלב משומרים","","","",""
"מזון ומשקאות ","שימורים וסלטים","שימורים המכילים מוצרי בשר","","","",""
"מזון ומשקאות ","שימורים וסלטים","שימורים המכילים מוצרי דגים","","","",""
"מזון ומשקאות ","שמנים, מרקים ותבשילים","שמנים","פטור","18.00%","18.00%","18.00%"
"מזון ומשקאות ","שתיה חמה","קפה","פטור","18.00%","18.00%","18.00%"
"מזון ומשקאות ","שתיה חמה","קפסולות למכונות קפה","פטור","18.00%","18.00%","18.00%"
"מזון ומשקאות ","שתיה חמה","תה","פטור","18.00%","18.00%","18.00%"
"מזון ומשקאות ","תבלינים, רטבים וממרחים","זעפרן","פטור","18.00%","18.00%","שיעור 22.72% "
"מזון ומשקאות ","תבלינים, רטבים וממרחים","רטבים וממרחים","","","",""
"מזון ומשקאות ","תבלינים, רטבים וממרחים","ריבות ודבש","פטור","18.00%","18.00%","18.00%"
"מזון ומשקאות ","תבלינים, רטבים וממרחים","תערובת תבלינים למעט זעפרן","פטור","18.00%","18.00%","שיעור 27.44% "
"מזון ומשקאות ","תוספי תזונה וויטמינים","אבקת חלבון מעל 1.5% שומן","פטור","18.00%","18.00%","שיעור 268.16% "
"מזון ומשקאות ","תוספי תזונה וויטמינים","אבקת חלבון עד 1.5% שומן","פטור","18.00%","18.00%","שיעור 209.16% "
"מזון ומשקאות ","תוספי תזונה וויטמינים","ויטמינים","פטור","18.00%","18.00%","18.00%"
"מזון ומשקאות ","תוספי תזונה וויטמינים","מולטי ויטמינים","פטור","18.00%","18.00%","שיעור 22.72% "
"מזון ומשקאות ","תוספי תזונה וויטמינים","תוספי מזון ארוזים מראש / תזונה","פטור","18.00%","18.00%","שיעור 22.72% "
"מזון ומשקאות ","תוספי תזונה וויטמינים","תוספי תזונה להרזיה באבקה או בכדורים","","","",""
"צעצועים, תחביבים ופנאי","אומנות ומלאכה","אונקיות זהב","פטור","18.00%","18.00%","18.00%"
"צעצועים, תחביבים ופנאי","אומנות ומלאכה","כסף מזומן","פטור","פטור","פטור","פטור"
"צעצועים, תחביבים ופנאי","אומנות ומלאכה","כרטיסי ברכה","פטור","18.00%","18.00%","18.00%"
"צעצועים, תחביבים ופנאי","אומנות ומלאכה","מטבעות כסף זהב","פטור","18.00%","18.00%","18.00%"
"צעצועים, תחביבים ופנאי","אומנות ומלאכה","מכונת תפירה","פטור","18.00%","18.00%","18.00%"
"צעצועים, תחביבים ופנאי","אומנות ומלאכה","תגיות וסמלים מבד","פטור","18.00%","18.00%","18.00%"
"צעצועים, תחביבים ופנאי","אומנות ומלאכה","תגיות וסמלים ממתכת","","","",""
"צעצועים, תחביבים ופנאי","אומנות ומלאכה","תגיות וסמלים מפלסטיק","פטור","18.00%","18.00%","18.00%"
"צעצועים, תחביבים ופנאי","אמנויות לחימה","חץ וקשת","פטור","18.00%","18.00%","18.00%"
"צעצועים, תחביבים ופנאי","אמנויות לחימה","חרבות","פטור","18.00%","18.00%","18.00%"
"צעצועים, תחביבים ופנאי","אמנויות לחימה","קסדת מגן לאומנות לחימה","פטור","18.00%","18.00%","18.00%"
"צעצועים, תחביבים ופנאי","אמנויות לחימה","רוגטקה","פטור","18.00%","18.00%","18.00%"
"צעצועים, תחביבים ופנאי","טבק ועישון","טבק להרחה"," 18%+0.37 ₪ לקילוגרם "," 18%+0.37 ₪ לקילוגרם "," 18%+0.37 ₪ לקילוגרם "," 18%+0.37 ₪ לקילוגרם "
"צעצועים, תחביבים ופנאי","טבק ועישון","טבק למקטרת"," 18%+412.03 ₪ לקילוגרם "," 18%+412.03 ₪ לקילוגרם "," 18%+412.03 ₪ לקילוגרם "," 18%+412.03 ₪ לקילוגרם "
"צעצועים, תחביבים ופנאי","טבק ועישון","טבק לנרגילה"," 18%+412.03 ₪ לקילוגרם "," 18%+412.03 ₪ לקילוגרם "," 18%+412.03 ₪ לקילוגרם "," 18%+412.03 ₪ לקילוגרם "
"צעצועים, תחביבים ופנאי","טבק ועישון","טבק לסיגריות","שיעור 388.99% + 936.05 ₪ לקילוגרם אל""פ מ- 18%+1659.69 ₪ לקילוגרם","שיעור 388.99% + 936.05 ₪ לקילוגרם אל""פ מ- 18%+1659.69 ₪ לקילוגרם","שיעור 388.99% + 936.05 ₪ לקילוגרם אל""פ מ- 18%+1659.69 ₪ לקילוגרם","שיעור 388.99% + 936.05 ₪ לקילוגרם אל""פ מ- 18%+1659.69 ₪ לקילוגרם"
"צעצועים, תחביבים ופנאי","טבק ועישון","טומבק (טבק ללעיסה)","שיעור 25.08% ","שיעור 25.08% ","שיעור 25.08% ","שיעור 25.08% "
"צעצועים, תחביבים ופנאי","טבק ועישון","יחידות טבק לחימום","שיעור 336.60% + 655.23 ₪ לאלף יחידות אל""פ מ- 18%+1161.79 ₪ לאלף יחידות","שיעור 336.60% + 655.23 ₪ לאלף יחידות אל""פ מ- 18%+1161.79 ₪ לאלף יחידות","שיעור 336.60% + 655.23 ₪ לאלף יחידות אל""פ מ- 18%+1161.79 ₪ לאלף יחידות","שיעור 336.60% + 655.23 ₪ לאלף יחידות אל""פ מ- 18%+1161.79 ₪ לאלף יחידות"
"צעצועים, תחביבים ופנאי","טבק ועישון","מקטרת","פטור","18.00%","18.00%","18.00%"
"צעצועים, תחביבים ופנאי","טבק ועישון","מקססה(גריינדר)","18.00%","18.00%","18.00%","18.00%"
"צעצועים, תחביבים ופנאי","טבק ועישון","נרגילה","פטור","18.00%","18.00%","18.00%"
"צעצועים, תחביבים ופנאי","טבק ועישון","סיגריות","שיעור 336.60% + 655.23 ₪ לאלף סיגריות אל""פ מ- 18%+1161.79 ₪ לאלף סיגריות","שיעור 336.60% + 655.23 ₪ לאלף סיגריות אל""פ מ- 18%+1161.79 ₪ לאלף סיגריות","שיעור 336.60% + 655.23 ₪ לאלף סיגריות אל""פ מ- 18%+1161.79 ₪ לאלף סיגריות","שיעור 336.60% + 655.23 ₪ לאלף סיגריות אל""פ מ- 18%+1161.79 ₪ לאלף סיגריות"
"צעצועים, תחביבים ופנאי","טבק ועישון","סיגרים","שיעור 124.20% אל""פ מ- 18%+100.62 ₪ לקילוגרם","שיעור 124.20% אל""פ מ- 18%+100.62 ₪ לקילוגרם","שיעור 124.20% אל""פ מ- 18%+100.62 ₪ לקילוגרם","שיעור 124.20% אל""פ מ- 18%+100.62 ₪ לקילוגרם"
"צעצועים, תחביבים ופנאי","כלי עישון","כלי עישון","פטור","18.00%","18.00%","18.00%"
"צעצועים, תחביבים ופנאי","מחנאות וטיולים","אוהלים","פטור","18.00%","18.00%","18.00%"
"צעצועים, תחביבים ופנאי","מחנאות וטיולים","אולר","פטור","18.00%","18.00%","18.00%"
"צעצועים, תחביבים ופנאי","מחנאות וטיולים","גזיות","פטור","18.00%","18.00%","18.00%"
"צעצועים, תחביבים ופנאי","מחנאות וטיולים","טלסקופים","פטור","18.00%","18.00%","18.00%"
"צעצועים, תחביבים ופנאי","מחנאות וטיולים","כילות","פטור","18.00%","18.00%","18.00%"
"צעצועים, תחביבים ופנאי","מחנאות וטיולים","מזוודות וטרולים","פטור","18.00%","18.00%","18.00%"
"צעצועים, תחביבים ופנאי","מחנאות וטיולים","מצפן","פטור","18.00%","18.00%","18.00%"
"צעצועים, תחביבים ופנאי","מחנאות וטיולים","משקפות","פטור","18.00%","18.00%","18.00%"
"צעצועים, תחביבים ופנאי","מחנאות וטיולים","פנסים/תאורת חירום","פטור","18.00%","18.00%","18.00%"
"צעצועים, תחביבים ופנאי","מחנאות וטיולים","צידנית","פטור","18.00%","18.00%","18.00%"
"צעצועים, תחביבים ופנאי","מחנאות וטיולים","קוטל / דוחה יתושים","פטור","18.00%","18.00%","18.00%"
"צעצועים, תחביבים ופנאי","מחנאות וטיולים","שולחנות וכסאות קמפינג","פטור","18.00%","",""
"צעצועים, תחביבים ופנאי","מחנאות וטיולים","שקי שינה ","פטור","18.00%","18.00%","18.00%"
"צעצועים, תחביבים ופנאי","מחנאות וטיולים","תיקי רחצה ואיפור","פטור","18.00%","18.00%","18.00%"
"צעצועים, תחביבים ופנאי","מחנאות וטיולים","תרמילים","פטור","18.00%","18.00%","18.00%"
"צעצועים, תחביבים ופנאי","משחקים לחצר","טרמפולינות","פטור","18.00%","18.00%","18.00%"
"צעצועים, תחביבים ופנאי","נגינה ומוזיקה","אורגן חשמלי","פטור","18.00%","18.00%","18.00%"
"צעצועים, תחביבים ופנאי","נגינה ומוזיקה","גיטרות","פטור","18.00%","18.00%","18.00%"
"צעצועים, תחביבים ופנאי","נגינה ומוזיקה","כלי הקשה","פטור","18.00%","18.00%","18.00%"
"צעצועים, תחביבים ופנאי","נגינה ומוזיקה","כלי מיתר","פטור","18.00%","18.00%","18.00%"
"צעצועים, תחביבים ופנאי","נגינה ומוזיקה","כלי נגינה ","פטור","18.00%","18.00%","18.00%"
"צעצועים, תחביבים ופנאי","נגינה ומוזיקה","כלי נשיפה","פטור","18.00%","18.00%","18.00%"
"צעצועים, תחביבים ופנאי","נגינה ומוזיקה","מגברים לגיטרות","פטור","18.00%","18.00%","18.00%"
"צעצועים, תחביבים ופנאי","נגינה ומוזיקה","קלידים","פטור","18.00%","18.00%","18.00%"
"צעצועים, תחביבים ופנאי","נגינה ומוזיקה","תופים ","פטור","18.00%","18.00%","18.00%"
"צעצועים, תחביבים ופנאי","ספרים וסרטים","ספרים","פטור","18.00%","18.00%","18.00%"
"צעצועים, תחביבים ופנאי","ספרים וסרטים","עיתונים ומגזינים","פטור","18.00%","18.00%","18.00%"
"צעצועים, תחביבים ופנאי","פנסים","פנסי ראש","פטור","18.00%","18.00%","18.00%"
"צעצועים, תחביבים ופנאי","ציוד ספורט וכושר","אופנוע ים","פטור","שיעור 35.70% ","שיעור 41.60% ","שיעור 41.60% "
"צעצועים, תחביבים ופנאי","ציוד ספורט וכושר","אופני כושר","פטור","18.00%","18.00%","18.00%"
"צעצועים, תחביבים ופנאי","ציוד ספורט וכושר","הליכונים","פטור","18.00%","18.00%","18.00%"
"צעצועים, תחביבים ופנאי","ציוד ספורט וכושר","מולטי טריינרים","פטור","18.00%","18.00%","18.00%"
"צעצועים, תחביבים ופנאי","ציוד ספורט וכושר","מכשירי אימון ברטט","פטור","18.00%","18.00%","18.00%"
"צעצועים, תחביבים ופנאי","ציוד ספורט וכושר","מכשירים לאימון בטן","פטור","18.00%","18.00%","18.00%"
"צעצועים, תחביבים ופנאי","ציוד ספורט וכושר","סטפרים","פטור","18.00%","18.00%","18.00%"
"צעצועים, תחביבים ופנאי","ציוד ספורט וכושר","ספות כושר","פטור","18.00%","18.00%","18.00%"
"צעצועים, תחביבים ופנאי","ציוד ספורט וכושר","ציוד גלישה","פטור","18.00%","18.00%","18.00%"
"צעצועים, תחביבים ופנאי","ציוד ספורט וכושר","ציוד לדיג","פטור","18.00%","18.00%","18.00%"
"צעצועים, תחביבים ופנאי","ציוד ספורט וכושר","ציוד ספורט כללי למעט חץ וקשת","פטור","18.00%","18.00%","18.00%"
"צעצועים, תחביבים ופנאי","ציוד ספורט וכושר","ציוד סקי","פטור","18.00%","18.00%","18.00%"
"צעצועים, תחביבים ופנאי","ציוד ספורט וכושר","שעוני דופק וספורט ","פטור","18.00%","18.00%","18.00%"
"צעצועים, תחביבים ופנאי","ציוד ספורט וכושר","שקי איגרוף","פטור","18.00%","18.00%","18.00%"
"צעצועים, תחביבים ופנאי","צעצועים ומשחקים","בובות","פטור","18.00%","18.00%","18.00%"
"צעצועים, תחביבים ופנאי","צעצועים ומשחקים","בימבות ותלת אופניים","פטור","18.00%","18.00%","18.00%"
"צעצועים, תחביבים ופנאי","צעצועים ומשחקים","טיסנים ומסוקים","פטור","18.00%","18.00%","18.00%"
"צעצועים, תחביבים ופנאי","צעצועים ומשחקים","כדורסל ואביזרים","פטור","18.00%","18.00%","18.00%"
"צעצועים, תחביבים ופנאי","צעצועים ומשחקים","כלי רכב ממונעים","פטור","18.00%","18.00%","18.00%"
"צעצועים, תחביבים ופנאי","צעצועים ומשחקים","לגו ומשחקי הרכבה","פטור","18.00%","18.00%","18.00%"
"צעצועים, תחביבים ופנאי","צעצועים ומשחקים","מכונית על שלט","פטור","18.00%","18.00%","18.00%"
"צעצועים, תחביבים ופנאי","צעצועים ומשחקים","משחקי חשיבה והגיון","פטור","18.00%","18.00%","18.00%"
"צעצועים, תחביבים ופנאי","צעצועים ומשחקים","משחקי מחשב","פטור","18.00%","18.00%","18.00%"
"צעצועים, תחביבים ופנאי","צעצועים ומשחקים","משחקים ל Wii","פטור","18.00%","18.00%","18.00%"
"צעצועים, תחביבים ופנאי","צעצועים ומשחקים","משחקים לאקס בוקס","פטור","18.00%","18.00%","18.00%"
"צעצועים, תחביבים ופנאי","צעצועים ומשחקים","סקייטבורד ורולרבליידס","פטור","18.00%","18.00%","18.00%"
"צעצועים, תחביבים ופנאי","צעצועים ומשחקים","סקייטבורד ממונע(גלגשת)","פטור","18.00%","18.00%","18.00%"
"צעצועים, תחביבים ופנאי","צעצועים ומשחקים","פאזלים","פטור","18.00%","18.00%","18.00%"
"צעצועים, תחביבים ופנאי","צעצועים ומשחקים","פוקר ואביזרים","פטור","18.00%","18.00%","18.00%"
"צעצועים, תחביבים ופנאי","צעצועים ומשחקים","פלייסטיישן - משחקים","פטור","18.00%","18.00%","18.00%"
"צעצועים, תחביבים ופנאי","צעצועים ומשחקים","צעצועים","פטור","18.00%","18.00%","18.00%"
"צעצועים, תחביבים ופנאי","צעצועים ומשחקים","צעצועים לאמבטיה","פטור","18.00%","18.00%","18.00%"
"צעצועים, תחביבים ופנאי","צעצועים ומשחקים","צעצועים על שלט","פטור","18.00%","18.00%","18.00%"
"צעצועים, תחביבים ופנאי","צעצועים ומשחקים","קומפי","פטור","18.00%","18.00%","18.00%"
"צעצועים, תחביבים ופנאי","צעצועים ומשחקים","קורקינט חשמלי","שיעור 26.26% ","שיעור 26.26% ","שיעור 26.26% ","שיעור 26.26% "
"צעצועים, תחביבים ופנאי","צעצועים ומשחקים","קורקינט לא ממונע","פטור","18.00%","18.00%","18.00%"
"צעצועים, תחביבים ופנאי","צעצועים ומשחקים","קורקינט מנוע בנזין","פטור","שיעור 35.70% ","שיעור 57.82% ","שיעור 57.82% "
"צעצועים, תחביבים ופנאי","צעצועים ומשחקים","קלפי משחק","פטור","18.00%","18.00%","18.00%"